{ 
	"protocol": {
		"id": "the HP ID"
		"examType": "the exam type for the study"
		"dicomAnnotationsFull": true, 
		"syncedPaging": true,
		"keyImagesFirst": true,
		"doNotDisplay": [
			{
				"criteria": "Series Description",
				"operator": "includes",
				"value": "my series",
			},
			{
				"criteria": "Slice Thickness",
				"operator": "<",
				"value": 1,
			},
			{
				"criteria": "DICOM Tag Name",
				"operator": "=",
				"value": 1,
			},
		],
		"thumbnails": true,
		"viewports": 6,
		"groupSingleFrame": true,
		"flicker": true,
		"showAllImage": true,
		"mammoSteps": [
			{
				"step": "1",
				"stepID": "1",
			},
			{
				"step": "2",
				"stepID": "5",
			},
			{
				"step": "3",
				"stepID": "5F",
			},
			{
				"step": "4",
				"stepID": "9",
			},
		]
	}
}