{
  "$schema": "../../node_modules/@angular/service-worker/config/schema.json",
  "index": "/index.html",
  "navigationUrls": [
    "!/viewer",
    "!/viewer/**",
    "!/pulseZero",
    "!/pulseZero/**"
  ],
  "assetGroups": [
    {
      "name": "app",
      "installMode": "lazy",
      "resources": {
        "files": [
          "/favicon.ico",
          "/index.html",
          "/eUnity/index.html",
          "/manifest.webmanifest",
          "/*.css",
          "/*.js",
          "!/pulseZero",
          "!/pulseZero/**",
          "!/viewer",
          "!/viewer/**"
        ]
      }
    },
    {
      "name": "assets",
      "installMode": "lazy",
      "updateMode": "prefetch",
      "resources": {
        "files": [
          "/assets/**",
          "/*.(svg|cur|jpg|jpeg|png|apng|webp|avif|gif|otf|ttf|woff|woff2)",
          "!/assets/scripts/**",
          "!/assets/environments/**",
          "!/assets/silent-check-sso.html",
          "!/**/worker-*.*",
          "!/pulseZero",
          "!/pulseZero/**",
          "!/viewer",
          "!/viewer/**"
        ]
      }
    }
  ]
}
